teacher,startTime,endTime,subject
user@test.com,05-21-2022 1:00,05-21-2022 3:00,Science
user@test.com,05-22-2022 1:00,05-22-2022 3:00,Math
user@test.com,05-23-2022 1:00,05-23-2022 3:00,Biology
user@test.com,05-24-2022 1:00,05-24-2022 3:00,English
user@test.com,05-25-2022 1:00,05-25-2022 3:00,Science
user@test.com,05-26-2022 1:00,05-26-2022 3:00,Math
user@test.com,05-27-2022 1:00,05-27-2022 3:00,Biology
user@test.com,05-28-2022 1:00,05-28-2022 3:00,English
tester@test.com,05-21-2022 3:00,05-21-2022 5:00,Science
tester@test.com,05-22-2022 3:00,05-22-2022 5:00,Math
tester@test.com,05-23-2022 3:00,05-23-2022 5:00,Biology
tester@test.com,05-24-2022 3:00,05-24-2022 5:00,English
tester@test.com,05-25-2022 3:00,05-25-2022 5:00,Science
tester@test.com,05-26-2022 3:00,05-26-2022 5:00,Math
tester@test.com,05-27-2022 3:00,05-27-2022 5:00,Biology
tester@test.com,05-28-2022 3:00,05-28-2022 5:00,English
user@test.com,06-21-2022 1:00,06-21-2022 3:00,Science
user@test.com,06-22-2022 1:00,06-22-2022 3:00,Math
user@test.com,06-23-2022 1:00,06-23-2022 3:00,Biology
user@test.com,06-24-2022 1:00,06-24-2022 3:00,English
user@test.com,06-25-2022 1:00,06-25-2022 3:00,Science
user@test.com,06-26-2022 1:00,06-26-2022 3:00,Math
user@test.com,06-27-2022 1:00,06-27-2022 3:00,Biology
user@test.com,06-28-2022 1:00,06-28-2022 3:00,English
tester@test.com,06-21-2022 3:00,06-21-2022 5:00,Science
tester@test.com,06-22-2022 3:00,06-22-2022 5:00,Math
tester@test.com,06-23-2022 3:00,06-23-2022 5:00,Biology
tester@test.com,06-24-2022 3:00,06-24-2022 5:00,English
tester@test.com,06-25-2022 3:00,06-25-2022 5:00,Science
tester@test.com,06-26-2022 3:00,06-26-2022 5:00,Math
tester@test.com,06-27-2022 3:00,06-27-2022 5:00,Biology
tester@test.com,06-28-2022 3:00,06-28-2022 5:00,English
user@test.com,04-21-2022 1:00,04-21-2022 3:00,Science
user@test.com,04-22-2022 1:00,04-22-2022 3:00,Math
user@test.com,04-23-2022 1:00,04-23-2022 3:00,Biology
user@test.com,04-24-2022 1:00,04-24-2022 3:00,English
user@test.com,04-25-2022 1:00,04-25-2022 3:00,Science
user@test.com,04-26-2022 1:00,04-26-2022 3:00,Math
user@test.com,04-27-2022 1:00,04-27-2022 3:00,Biology
user@test.com,04-28-2022 1:00,04-28-2022 3:00,English
tester@test.com,04-21-2022 3:00,04-21-2022 5:00,Science
tester@test.com,04-22-2022 3:00,04-22-2022 5:00,Math
tester@test.com,04-23-2022 3:00,04-23-2022 5:00,Biology
tester@test.com,04-24-2022 3:00,04-24-2022 5:00,English
tester@test.com,04-25-2022 3:00,04-25-2022 5:00,Science
tester@test.com,04-26-2022 3:00,04-26-2022 5:00,Math
tester@test.com,04-27-2022 3:00,04-27-2022 5:00,Biology
tester@test.com,04-28-2022 3:00,04-28-2022 5:00,English
